{
    "metadata": {
      "name": "ir-01-ttt",
      "annotations": {},
      "labels": {
        "appconnect.ibm.com/designerapiflow": "false",
        "appconnect.ibm.com/designereventflow": "false",
        "appconnect.ibm.com/toolkitflow": "true",
        "bcdr-candidate": "t",
        "component-name": "appconnect"
      }
    },
    "spec": {
      "barURL": [
        "https://dataplane-api-dash.appconnect:3443/v1/acwqhiwun50f/directories/CustomerDatabaseV1?"
      ],
      "configurations": [],
      "forceFlowBasicAuth": {
        "enabled": true
      },
      "replicas": 1,
      "template": {
        "spec": {
          "containers": [
            {
              "name": "runtime",
              "resources": {
                "limits": {
                  "cpu": "500m",
                  "memory": "500Mi"
                }
              }
            },
            {
              "name": "designerflows",
              "resources": {
                "limits": {
                  "cpu": "500m",
                  "memory": "500Mi"
                }
              }
            },
            {
              "name": "designereventflows",
              "resources": {
                "limits": {
                  "cpu": "500m",
                  "memory": "500Mi"
                }
              }
            },
            {
              "name": "proxy",
              "resources": {
                "limits": {
                  "cpu": "500m",
                  "memory": "500Mi"
                }
              }
            }
          ]
        }
      },
      "version": "12.0"
    }
  }